text,timestamp,user,sentiment
"YouTube was sued for their algorithms recommending terrorist related content in Gonzalez v. Google. YouTube correctly won in the Ninth Circuit because of Section 230. The internet has changed since the 90s but websites have been recommending content to users even at the time Congress crafted 230. Which is why the authors defended YouTube in SCOTUS. 

The 4th Circuit gets it and people can hate Zuck but he correctly won this month in MP v. Meta. Because after all the smoke about algos, people are still trying to sue an ICS for content uploaded to their website by third parties and the clear text in Section 230 says those lawsuits are barred. 

https://casetext.com/case/mp-v-meta-platforms-inc-1

>In 1996, Congress enacted 47 U.S.C. ¬ß 230, commonly known as Section 230 of the Communications Decency Act. In Section 230, Congress provided interactive computer services broad immunity from lawsuits seeking to hold those companies liable for publishing information provided by third parties. Plaintiff-Appellant M.P. challenges the breadth of this immunity provision, asserting claims of strict products liability, negligence, and negligent infliction of emotional distress under South Carolina law. In these claims, she seeks to hold Facebook, an interactive computer service, liable for damages allegedly caused by a defective product, namely, Facebook's algorithm that recommends third-party content to users. M.P. contends that Facebook explicitly designed its algorithm to recommend harmful content, a design choice that she alleges led to radicalization and offline violence committed against her father.

>The main issue before us is whether M.P.'s state law tort claims are barred by Section 230. The district court below answered this question ""yes."" We agree. M.P.'s state law tort claims suffer from a fatal flaw; those claims attack the manner in which Facebook's algorithm sorts, arranges, and distributes third-party content. And so the claims are barred by Section 230 because they seek to hold Facebook liable as a publisher of that third-party content. Accordingly, we conclude that the district court did not err in granting Facebook's motion to dismiss.",1740266447.0,StraightedgexLiberal,negative
No it's reddit. USA bad. USA is killing a murdering everyone in the entire world as we speak. USA bad!,1740266519.0,Ok-Hornet-3234,negative
"Like withdrawing funding from schools that require the covid 19 vax. 
Which in 2025 is‚Ä¶zero schools.",1740266558.0,DigNitty,neutral
It was a corrupt prosecutor. Your description is more along the lines of the false Republican accusation that they tried and tried to pursue and it went nowhere.,1740266628.0,MessagingMatters,negative
"While I don't know about a dime, during Trump's first term people were pissed at him because he showed a satellite image that was from a classified spy satellite that more or less showed it had the resolution to zoom close enough to read the newspaper you were holding. This was a big deal because the Earth's atmosphere interferes with precision pictures like this somehow but we had the technology to bypass that which was assumed but never proven until that point.",1740266629.0,FlappityFlurb,positive
"Anecdotally, like me . I'm building a home I'm a remote area and a large part of why I was comfortable doing it was because I ""knew"" I'd just buy a starlink dish. Now I'm worried and desperate for a competitor to come online in the next two years.",1740266652.0,rookietotheblue1,neutral
And your first comment doesn't acknowledge the sheer number of human rights abuses experienced in Islamic countries. Do you think none of it will spread to our nations? Why are you playing apologetics for a religion that LITERALLY IS the hateful and exclusionary ideology you claim to be against?,1740266663.0,Clear-Ad-7964,positive
"The current postmaster said, if he could start again he would do lots of things differently.  
In a birds eye perspective, the Rs are against collectivism, full stop. Other countries sit together and at least do not block modernization, even if they disagree with the service. People are watching a big part of the country blocking, interfering and ruining stuff for 50 years in a row. Postal services, local schools, healthcare, there is no end. Saying ""yeah, but that is the experiment of this country and we have to give two inches to get one inch"" is a little bit naive. You could scrap all that with at least 22 states saying we are done with this, lets build something that works and is not hindered by systemic malice. People want change, you can't change Washington with gerrymandering and other tricks played, so people think you can do something that just works. This is not lost work. If hope finally arrives, you can move that thing up to the federal level whenever it would make sense.",1740266706.0,michael0n,negative
"Do you work in the industry? Do you realize a company can't exist with only engineers. I know there is a stigmatized relationship between technology and product but if you can have some in place to balance those 2, shit really starts to flow well. I don't want my senior engineers spending time comparing metrics and data with market trends and user studies. But those things are extremely important too. My job is to make sure these two important parts of the software development process works smoothly together. Every company is different and I hope you find one that meshes well with you",1740266708.0,meyerjaw,positive
Trump is hated enough but Elon is turning out to be even more disruptive and dangerous because he has the money and technology he can use to fuck around.,1740266709.0,macross1984,negative
"Someone call DOGE, this sounds HIGHLY inefficient",1740266958.0,Maniacal_Artist,positive
"You really nailed it for my job. It takes a bit to explain ""what exactly do you do?"" when someone asks. A little bit of everything isnt the answer most want but it keeps projects moving forward.",1740266961.0,DinobotsGacha,positive
"I‚Äôm starting to think that‚Äôs the main difference of the two parties, one has empathy towards others and the other doesn‚Äôt.",1740266979.0,organism20,neutral
Or make my Windows desktop aliases not lose their icons.,1740266992.0,gistya,neutral
"Fuck that deal.

Build micro satellites / ballots.

They innovated with POV drones, do it again.",1740267003.0,LivingDracula,negative
Tesla's main competitive advantage is its charger network. Taking away public chargers makes it even better to own a Tesla because they have more charging options.,1740267004.0,redditrasberry,positive
When they block it for me I already have Brave installed and ready to go.,1740267021.0,therankin,positive
"I'm pushing 80 so grew up at another time. But people in the USA of my generation learned not to listen to the guy yelling and making unsubstantiated claims. We had local newspaper ownership focused on investigating and reporting on local issues supported by the AP and in some cases their own reporters for national news, 3 national tv news networks each of which were reporting facts because if they didn't the other 2 networks would make the topic of the following day how XYZ's reporting couldn't be trusted. And politics is always, well politics, but we had enough statesmen ('cause they were all men, not to infer that was a good thing) to beat back most non-democratic proposals. There were fringe groups... Amer Communist Party, John Birch Society, Symbionese Liberation Army, etc... but they were frankly thought of as cults rather than as holders of serious political thinking. There were checks and balances.

  
Today anyone with a phone can spew out their particular opinion on whatever, no explanation or understanding of the facts required. And every person with an active social media presence is opening themselves to be manipulated... and we know that the USA's enemies (Russia, Iran, N Korea, China, etc), friends (Israel, Britain, Germany, S Korea, etc) and frankly the USA itself have entire organizations dedicated to constantly spewing out 'information/disinformation' for their own purposes. GIGO...garbage in, garbage out. Lowest common denominator who yells loudest gets heard... and, unfortunately, believed and repeated... the most. 

I live comfortably and I'll be dead in 10 yrs (more or less) but the rest of you need to figure out how to discern between fact and fiction... which means figuring out what people and news sources you can trust while still thinking critically and constantly confirming validity and accuracy.

  
I subscribe to my local newspaper and I listen to NPR and PBS for news facts as well as entertainment. I'm certain that the current administration will find reason to delete these services' federal funding. When that happens, I'll increase my donations and will hope that enough of you join me to keep these important institutions doing vitally important work.",1740267041.0,Crazy-Efficiency-522,positive
I remember when he was being interviewed and said Trump putting his fist up in the air and shouting fight after the assassination attempt was ‚Äúbadass‚Äù ‚Ä¶that‚Äôs when I knew he was desperately trying to relate to a specific crowd. ..Poser ass bitch.,1740267047.0,Dmoneyyooo,negative
"USA is the largest terror organisation in the world, and has been for a while now...",1740267094.0,C21H30O218,neutral
Not a crap port. Remember we have a whole keyboard!,1740266718.0,razordreamz,positive
HP and Dell were just vendors. Intel was pretty dominant (and still is) because of the 8088 chip that launched with the IBM PC in 1981. They were so successful in that space they eventually moved on annihilate the workstation/server industry.,1740266719.0,non3type,positive
"I like your gitmo plan.  Biden's strengths were legion, he kust aged out.  He righted the ship, and orchestrared the softest lsnding from thr pabdemic in the world and the speediest recovery from an inflationary spike.  He ignited a massive round of factory starts and birthed new industries for the first time in a generation.  He secured funfing to replace all of amtrack's equipment and make major system imrovemets.  He cobtrolled some health care costs. He warned Zelensky and kept Ukraine from falling to Russia and orchestrated the destruction of the Soviet boogeyman -- something we invested trillions of dollars ovdr generations in -- now there is no more tank horde and Russia is om the ropes.  He extracted us from Afghanistan before the air corridor over Russia was lost something that a dozen years of prior administrations were too chickenshit to do.  He stuck to his guns on enforcement actions against china and russia.  But sure call him weak.  Merrick Garland was weak, you can have that, but Biden didn't lose us our democracy, the supreme court did that.",1740266756.0,Creative_Astronomer6,neutral
"> Researchers in China say they have pinpointed the main cause of defects in a semiconductor

Ah yes. The main cause of defects in GaN is the lattice mismatch with the substrates used.

I'm a goddamn genius. Gimme a billion dollar.",1740266778.0,letskill,positive
"> The comparison is made because MacKenzie Scott is Bezos ex-wife who made her billions through their divorce. She walked away with a 4% ownership and $38 billion and, after giving away half of that money, she's still worth $31 billion because Amazon literally prints money.
> 
> She gives billions of dollars away each year and can still live more comfortably than 99.99% of people on the planet. That's how fucked being a billionaire is.

Mackenzie Scott is like the real-life _Brewster's Millions_ - or as Chris Rock said in one of his specials:

""I ain‚Äôt talking ‚Äôbout _rich,_ I‚Äôm talking ‚Äôbout _wealth._ Wealth is passed down from generation to generation. You can‚Äôt get rid of wealth. Rich is some shit you can lose with a crazy summer and a drug habit.""",1740266817.0,jalabi99,neutral
Why the warning message that connection not private,1740266819.0,ylangbango123,neutral
Just like us,1740266830.0,krispru1,neutral
"The only oddity about the 2024 election was the millions of Biden voters from 2020 that disappeared.  Not only was 2024 fair, it confirmed 2020 was rigged.  You‚Äôre going backwards dummy.",1740266833.0,Routine_Buy_294,positive
"China has more honor students than America has students. The idea that China will never surpass the US in science is just cope. We had a nice head start, but our anti-science and education views has doomed the US.",1740266835.0,lxnch50,positive
It's because he isn't a likeable person. Or even human.,1740266869.0,ipub,neutral
The American way. Destabilizing other countries just to steal their resources,1740266887.0,Far-Dragonfruit-925,negative
When you vote Republican that's what you get and I'm tired of pretending otherwise. Democrats make political promises that they can't keep. Republicans just straight up LIE.,1740266888.0,Kaleria84,negative
"He‚Äôs planning on selling every country and company on the planet their own AI. Of course the idea that an open source home brew option even exists is going to be worrisome to him. DeepSeek isn‚Äôt the answer, it‚Äôs the proof that you don‚Äôt have to rely on giving all your secret data to a multinational company to train your AI.

[https://blogs.nvidia.com/blog/world-governments-summit/](https://blogs.nvidia.com/blog/world-governments-summit/)",1740266892.0,givin_u_the_high_hat,positive
"It‚Äôs weird that people would be let go for ‚Äúlow performance‚Äù in a company that continues to pile money into the ‚Äúmetaverse‚Äù concept that seems to have almost no potential customers and has blown through $60 billion in five years.

That sounds like a terrible performance review, Zuck.",1740266917.0,cothomps,negative
Wonder if they can see my middle finger.,1740266925.0,RebelStrategist,neutral
"The United States of America, apparently.

If history of the past decade were written in a fictional novel, it would break the suspension of disbelief and no one would buy it.",1740266930.0,Vann_Accessible,negative
"‚Äúelected‚Äù

How quaint to think this will even be a word in our future",1740266931.0,font9a,neutral
Definitely gonna watch this as it develops. To think the government in an effort to save money would spend more money to remove something taxes already helped subsidize.,1740266941.0,MrTreize78,positive
"They love making a lot of noise about fake issues

How is the comeback of coal going? That was a huge thing in 2016",1740266949.0,softwaredoug,positive
"Unless it isn't. What they've shown publicly is very unconvincing, and they don't have a great track record. But, maybe they've leveraged AI to accelerate the R&D, and have truly made this advancement. Only time will tell, but if it turns out not to be majorana fermions, they could really get sued.",1740266951.0,gistya,positive
"History always repeats, my friend",1740265972.0,YungSwan666,neutral
It is multi level marketing,1740265999.0,Gutter7676,neutral
As an Ontarian this is why Doug Ford or who ever wins the election next week should tear up the deal the govt made with Starlink,1740266008.0,NervousBreakdown,positive
And this is why I will never subscribe to Starlink,1740266016.0,Hunter-Broad,neutral
"Catching a rocket isn't trivial though.

Space X is delivering payloads literally 25x cheaper per pound than NASA was able to during the shuttle era.

https://www.nbcnews.com/science/space/space-launch-costs-growing-business-industry-rcna23488

Space X is easily the world leader in space tech. It's not even close.",1740266037.0,Born-Acanthisitta673,positive
"> I'm driving it until the wheels fall off.

[With all the recalls they have, that day may come sooner than you think](https://www.thelemonfirm.com/2025/02/06/every-tesla-cybertruck-recall-since-the-vehicle-was-released/) ;)",1740266042.0,jalabi99,positive
"Any intellectual demanding job loses 10 minutes with each task switching. Having human filters blocking less urgent streaks of requests adds value.

arguably most leaders I had were the opposite: frequently changing my assignments midway because of their own poor planning, turning a continuous process improvement job into a first line call center support stress one.",1740266053.0,Candid-Sky-3709,positive
Fedneck engineering is a real thing.¬†,1740266082.0,heili,positive
"Get ready to go from ""NO QUID PRO QUO"" to ""Yeah we did that, what are you going to do about it""?",1740266096.0,iconofsin_,positive
"I deleted facebook and IG when I saw people I knew sharing racist what would then later be known as Qanon content back before Trump‚Äôs first term. I‚Äôve watched social media gradually turn my own father into a crazy person so twisted by conspiracy content that he now hoards guns expecting either the new world order, drag queens, trans people, Jews, antifa or whoever the Q people are on about that day to come out of the wood work and end society by going house to house. I‚Äôm a gay man and I now fear my immediate family. So yeah this isn‚Äôt ‚Äúpuritanical‚Äù this is real world harm.",1740266103.0,peenpeenpeen,neutral
Huh? All I ever see when I see SuckerBerg is his mouth full of that small orange dick of #magaTurd,1740266268.0,DawgDaddyWFT,neutral
Quite. The protests that are happening are way smaller than you‚Äôd think when your literal democracy is ending. Americans do not actually care. It‚Äôs all lip service and whinging on social media.,1740266301.0,rpkarma,neutral
"HP used to be proud how many minutes people spend on their web site. Leaders‚Äô assumption was that it was fun to read about new products there. Reality was ‚Äúhow do I find the freaking correct printer driver here, different for each Windows version with non-descriptive differences like with PCL or other choice‚Äù .",1740266315.0,Candid-Sky-3709,positive
nice tank more,1740266347.0,IaMuRGOd34,positive
"The minerals deal is total bullshit. 


There's more rare earth and lithium in the USA than there is in Ukraine.",1740266354.0,Wwwweeeeeeee,positive
We killed more Iraqi citizens than Saddam could've ever imagined he'd get away with.,1740266376.0,Podalirius,positive
Who?  President Musk and First Lady Donald?  I agree.  You should deport both of them.,1740266397.0,UsusMeditando,positive
"No it is absolutely a security issue too. If you cannot trust that access will be continued, if it‚Äôs used as a lever against your governments policies like OP shows they are willing to do, it‚Äôs a security issue.",1740266401.0,rpkarma,positive
The communication magnet Carlos Slim cancelled $7B contract with starlink recently. Now they are using it to extortion a country at war that needs internet.,1740266416.0,Fine-Source-374,neutral
"That doesn‚Äôt scream that most of the top leadership is complicit? Not just now, but along the line. A conspiracy theorist would claim that geo politics is made up to control the masses. Testing and prodding the people in different control groups. How to exterminate large numbers of groups separating from the hive. Only a crazy person would talk like that, so thank goodness nobody thinks that.",1740266427.0,BitteryBlox,positive
"And why won‚Äôt he use his Tesla technology to target against his political enemies or anyone disagreeing with him? Talks about threats from Chinese technology, I think Tesla car is more suspicious now",1740266108.0,bluesamcitizen2,positive
I fkin hate our administration. Why is Iran taking so long on its promise?,1740266141.0,Trying_To_Connect,negative
"I simply can't believe how easily the US fell, to basically a Bond Villian and a henchman, it wasn't even a big reveal, most saw him for what he is years ago. Everyone in intelligence knew these people were compromised,  it's baffling how this happened and how fragile democracy is, and how flawed a system it is that so many rely on.",1740266145.0,SaturatedApe,positive
There doesn't need to be a plan but i liked the idea of a plan.  The days of primaries thst matter seem to be over so it's all we got.,1740266154.0,Creative_Astronomer6,positive
"> He appeared in _Iron Man_ to keep up the facade he was some kind of Tony Stark.

I sort of feel sorry for Disney / Marvel Studios now, for letting that cameo happen :)",1740266159.0,jalabi99,positive
Presidential extortion trend continues through his various henchmen. Such unbridled corruption.,1740266162.0,Adventurous_Turn_231,neutral
"The ones on my base were never even turned on, and we were told if they ever were, we couldn‚Äôt use them.  Not sure why they spent the money to install them in the first place.",1740266189.0,Such_wow1984,negative
"How have all those strategies been working. They've been extremely ineffective for decades because they just get ignored. If you're strategy gets nothing done why keep doing the same fucking thing over and over? Make people uncomfortable, make it impossible to ignore, force people to make a decision and not just do nothing. That's how you actually provoke change. We've seen that time and time again.¬†",1740266211.0,Osric250,negative
That is straight up vile and villainous.,1740266225.0,questron64,positive
Extortion by definition.,1740266228.0,Igneous_rock_500,neutral
"The deeper issue is using money, which is an entirely made up concept, to determine reality and what is value. 

Capitalism is the ultimate form of this false reality made into ‚Äùeconomic policy‚Äù which is based solely on greed and who can collect the most bananas.

‚ÄúHe who has the most bananas wins‚Äù is not a sound way to manage the lives of 8billion humans because it always leads to corruption because those with the least morals and feeling of social responsibility will rise to positions of power to solely benefit themselves because that is how capitalism works. 

Because it requires unending growth in a finite system, its end point is predetermined that it will ultimately consume itself and all of the rest of us with it because it can never be sustainable because it MUST GROW and the growth has to come from somewhere. 

Capitalism requires that the majority lose so that the few can benefit and we see this play out every single time because it is a form of social Darwinism. 

Capitalism gave us Elon Musk who believes his wealth is a sign from a universal power that he is the special monkey who knows how it all works and we should all listen to him or else‚Ä¶but ultimately he is not a ‚Äúspecial monkey‚Äù he is just the monkey with the least amount of empathy and feeling of social responsibility which is why he can make brutal life altering decisions for thousands and now millions of people that will ultimately benefit no one but himself and his small circle‚Ä¶.and feel nothing about the lies he tells and suffering he leaves behind because so long as the little line goes up he‚Äôs done ‚Äúthe right thing‚Äù 

And to your sarcastic comment about ‚Äúnothing bad happened before‚Äù that‚Äôs not how history works, capitalism isn‚Äôt some ‚Äúnew concept‚Äù pulled from thin air, it‚Äôs based on what came before and is merely an evolution of monarchy and feudalism which is why it is breaking democracy because the two concepts are not compatible and we choose to pretend they are.",1740265036.0,skillywilly56,negative
Bold of you to think there will still be government employees left at all.,1740265336.0,LeoThePom,positive
Exactly. Another commenter asked why Mafia-style extortion isn't a good way to handle world affairs. This is one big reason why not.,1740265337.0,MessagingMatters,positive
You don‚Äôt say. You may be onto something there. ¬†I wonder what the venn diagram looks like for redditors who argue this way and also have very little professional employment experience‚Ä¶,1740265373.0,dreadpiratewombat,negative
Germany knew better and chose an upstanding fellow in comparison,1740265378.0,citizensyn,positive
Yes the AI hype is real. There were videos almost 15 years ago where flying wing drones detected trees and flew around them.,1740265379.0,kenadams_the,positive
"Delusional. Keep it up, y'all just securing another red wave.",1740265380.0,Elloby,neutral
"> But Iraq is a much better place today than it was 25 years ago.. 

LMAO, ok buddy I'm sure your Iraqi friends were thanking you for invading and raping their country.

Literally 100s of thousands of innocent civilians - men/women/children dead by the ""good guy"" Western forces... And that's not including the countless deaths from destroyed infrastructure.",1740265424.0,ink_fish_jr,positive
"Oh, I meant the employees would be rentals, because the government will be renting tesla robots.",1740265430.0,Mayor__Defacto,neutral
Sounds like a fine use of money.  üôÑ,1740265456.0,Ambitious_Face7310,positive
"*Commits crime against the public*

*One person takes a golden parachute ""fall""*

""All better"" - corporate gaslighting",1740265538.0,Apollorx,positive
Wut?,1740265572.0,GeniusEE,neutral
Thats what the US does to its allies,1740265594.0,ItsYaBoi1969,neutral
Dont worry I‚Äôm sure Kash Patel (known snake oil salesman) is on top of this,1740265680.0,RenegadeSloth,positive
"Let's just say, thank goodness you are not my Doctor. I feel sad for your patients. My cousin is a surgeon and he is a role model in the community on and OFF duty. He represents the best of the medical profession. You are not even 1 percent of man he is. Good luck to you and hope you heal many more patients to come.",1740265724.0,Murky-Peanut1390,positive
Europe won't let that happen. We got this.,1740265749.0,Leeeejs,neutral
You're an African Dictatorship!,1740265750.0,Tolstoy_mc,neutral
Conservative Americans did this,1740265763.0,biskerwisket,neutral
And it's not Obama! üòÇ,1740265776.0,Tolstoy_mc,neutral
"Read the article, china produces 98% of worldwide gallium",1740265790.0,remiieddit,neutral
"I've never liked e-books or e-book readers - if the document isn't in an open file format, it isn't for me. 

Never bought a Kindle, never will.

Hope you all can download your stuff from Kindle and remove the DRM in time so that you can upload it to whatever e-reader you like (e.g. the Kobo).",1740265796.0,jalabi99,negative
"Big assumption there about my chosen career, smarty pants.",1740265848.0,Melodic_Armadillo710,neutral
Or I can voice my criticism for a significant government overreach.,1740265862.0,hiraeth555,positive
"We're back to ""sources say"" already, eh?",1740265871.0,thoughtbludgeon,neutral
Tax dollars hard at work,1740265872.0,bz237,negative
Cross section of these redditors and /r/antiwork  commenters.,1740265875.0,Seastep,neutral
Elon taking up Trump‚Äôs go to crime-extortion.What wonderful examples for the young people of the world.,1740265878.0,Icy-Needleworker-492,positive
"Didn‚Äôt expect Gretchen Wieners to show up in this discussion, but here we are.",1740265885.0,bk_guy3,neutral
Unexpected xkcd.,1740265937.0,armadillo-nebula,positive
Some team leads are incompetent micromanagers,1740265951.0,f8Negative,negative
lol. The best kind!!!!,1740265960.0,_Alester_1983,positive
"Lots of people fell for it, but it shouldn't have been enough to win him presidency this time. There's evidence of election interference. He's not 'mandated by the people' this is all one big grift. Why else do you think he's dismantling the government so quickly? If he had nothing to hide, he shouldn't care.

In every single county of every swing state, they ALL went red. Not a single one turned blue. That is nearly a statistical impossibility. It's messed up, but people are pursuing this, because it's so important to know that those of us who thought America was ready to move on, thought it was better than this, were not wrong. To our disappointed foreign allies...this isn't the American democracy that's speaking...it's a foreign and domestic anti-democracy coup.",1740265150.0,DisManibusMinibus,positive
"I never claimed to be highly accredited. In terms of my peers I‚Äôm fairly average if not below average but I did the best I could. But, I still did achieve the accomplishment of becoming an MD. I‚Äôm not at work. Why do I have to be nice or composed or anything really to a random stranger on the internet? Do you think that people that work at Chick Fil A say that it‚Äôs their pleasure and are incredibly nice to every person they meet outside of work? Do you think formula one drivers are always in hyper focus in every aspect of their lives? We turn it on when on duty. I have no duty to you. Well this has been real and it‚Äôs been fun but it hasn‚Äôt been real fun so I bid you adieu. Thanks for the entertaining back and forth. *tips hat*",1740265026.0,Bulldog2012,positive
"Not what I'm talking about. And I don't agree with it, but without understanding the mentality of the dude in question, the current situation is practically guaranteed. This is the exact sort of people terrorist groups prey upon.

Sure, the anger he now feels may not be the HR girl's fault. But it never gets resolved. And then comes along Trump, and tells him he is justified.

Without understanding and resolving that anger, this was bound to happen. We had warning with the 4Chan alt right 8 years ago. Now... Well. Now we're going to live in interesting times.",1740264811.0,walking_smoke_cloud,positive
That‚Äôs kinda how the US works‚Ä¶.. people on the other side felt the same way the last 4 years. Start using common sense and stop being chicken little declaring the sky is falling. All this bitching and moaning after the fact is childish.  Get involved and get others involved in putting forth a candidate for next term that aligns with your ideal and can actually win.  Supporting your position and educating others is how you accomplish this.,1740265219.0,Asleep_Temporary_219,neutral
"Oh, and yeah, broadcasting PPV and all is one of the things you have to get a special license for. However, you can show clips of it in reviews, news, or discussion. There's a lot of potential loopholes and things people can figure. 

And as you'll see in that other thread I linked you to in my other comment, you'll see where I touched on legalities of downloading and how that differs from distributing. But of how both are illegal.",1740264824.0,saoiray,negative
"Since Reagan did away with the Fairness Doctrine, right-wing talk radio has spread disinformation and mistrust of real journalism for 40 years. Trump‚Äôs evil genius is knowing how to work that angle for all it‚Äôs worth.

My friend and neighbor loves Trump, but had no idea that he is selling out Ukraine. He thought Trump wants Ukraine to‚Ä¶ join NATO.",1740264674.0,Widespreaddd,negative
"It just means i gave my opinion of you that is all. Sorry to hear that it's been really effecting you. You don't seem to have the composure of a highly accredited Dr. i am surprised. Thought you guys were calm, humble and don't let strangers on the internet get to you. You think you know who i voted for? Who do you believe i voted for.",1740264673.0,Murky-Peanut1390,neutral
"Blaming the education system is such an American stupid thing. The whole Eastern Europe rebelled against communism despite having their intellectual class mass murdered in the forests and years and years of russification and lackluster education. So please, spare us with your sad excuses. You're just a bunch of morons",1740264819.0,Meowgaryen,negative
"They are getting blamed for literally every single bad thing that ever happens anywhere. It's absurd at this point. I always though the ""thanks Obama"" stuff were memes, but... I'm getting the feeling people actually do pin literally everything they dislike on whoever they dislike.",1740264718.0,Successful_Yellow285,negative
"Freals! I hadn't connected those dots yet either since it's become so ubiquitous that its origin got pushed aside. But totally. Fuckin eagles blood running through our veins American patriotism.

What was Charley day's thing? Rock, flag and eagle or some shit.",1740264873.0,HeWhoPetsDogs,negative
"YOU GET THE AGI PROBLEM! ü´µ
YOU GET THE AGI PROBLEM!!ü´µ

¬†¬†
¬†¬†
EVERYBODY GETS THE AGI PROBLEMMMMMMMMM!!!!! üôå
¬†¬†
¬†¬†
SKYNET!SKYNET!SKYNET! ü§üü§ñü§ü",1740264805.0,mremane,neutral
Both Musk and Trump are russian assets : [https://www.theguardian.com/us-news/2021/jan/29/trump-russia-asset-claims-former-kgb-spy-new-book](https://www.theguardian.com/us-news/2021/jan/29/trump-russia-asset-claims-former-kgb-spy-new-book),1740264960.0,V57M91M,negative
"Why write out a long message instead of just spray painting a swastika on the hood? That‚Äôll teach ‚Äòem! Put one on the side of their house too, to make sure they know people like them aren‚Äôt welcome in the neighborhood.",1740264937.0,Plydgh,positive
"There are alternatives to Starlink that are likely better considering Musk is a Putin bitch like Trump.

Musk just stuck his dick out for Trump and it's going to get lopped off pretty soon.",1740264811.0,frank_690,positive
Maybe the world should shut off Starlink.  Betcha some other non-Nazi could invest to replicate and improve on the technology this K-Hole bought and pretended he invented.,1740265099.0,fytors2,negative
"Reagan‚Äôs legacy. Also, most eligible voters didn‚Äôt vote for Trump. We have to remember this especially when he talks about how big his victory was.",1740265153.0,crevicepounder3000,positive
"So does that mean the US is going to nationalize muskrat‚Äôs companies?¬†


Nah, this is just more fascist things by a fascist and his friends.¬†",1740264986.0,Kindly-Owl-8684,positive
Wow.  I shouldn‚Äôt be surprised at this evil underhanded move. Musk and Trump truly are playing out Vader and the Emperor in Star Wars.,1740265172.0,WearyTravelerBlues,negative
I'm pretty sure it was this kind of shit that got him impeached during his first term. Is he going for a hat trick?,1740264884.0,Nosferatu-Padre,positive
I say they track down whoever the hell came up with the ‚ÄúMetaverse‚Äù fiasco and fire them PRONTO!,1740264903.0,TheFoxsWeddingTarot,negative
There is no Justice in the USA anymore. It‚Äôs as bad as Russia right now. Oligarchs have no repercussions.,1740264664.0,arcticlynx_ak,negative
Can Europe get an alternative up and running ? We must have some satellites I know the UK launched some recently,1740264965.0,Rourkey70,neutral
Consequences were Trump was awarded presidency once again üòÇü§¶‚Äç‚ôÇÔ∏è,1740265027.0,Kindly-Owl-8684,neutral
So Musk gives people things so he can control them with it? I feel silly for just figuring this out.,1740264766.0,quotidianwoe,negative
I'm sure those regulations will pop back up the moment they have competition to squash.,1740264767.0,JoJackthewonderskunk,positive
Oh but haven‚Äôt you heard? The justice department was weaponized against him /s,1740265118.0,love_that_fishing,neutral
American here. Were we really all fucking morons or did something else happen!???!!,1740264658.0,Diddyboo10222969,negative
"Read the link, he said so. I don't care, I think he's a bad premier for other reasons.",1740265132.0,linglingbolt,negative
Elon is banking on the U.S. contract gravy train making up for any international losses.,1740264648.0,Axin_Saxon,neutral
Does this not count as hate speech? What if the car is owned by a Jewish person?,1740264718.0,Plydgh,negative
"I'm tired of lithium ion fires, time to leapfrog that tech.",1740265059.0,FlyingDiscsandJams,negative
Yeah as someone from one of the countries affected I get it,1740265221.0,motoxim,neutral
they died protecting the land and the minerals,1740265167.0,EXP-date-2024-09-30,neutral
I mean it‚Äôs called the land of opportunity lol,1740265131.0,Learnin2Shit,positive
"Yeah but it makes too much sense, no way this happens!",1740264740.0,mrjinks,positive
"It‚Äôs there for a reason, I promise.",1740264808.0,thealphabetarmygirl,neutral
"That's a he?

The algo fucked up.",1740264888.0,freshiethegeek,negative
Go go gadget fuck yourself!,1740264961.0,my_opinion_is_bad,negative
Yes that‚Äôs his plan,1740265123.0,InfiniteVastDarkness,neutral
Musk is a piece of shit,1740264688.0,BlackReddition,negative
Wrong. Fuck you.,1740264946.0,my_opinion_is_bad,negative
See ‚Äúskinheads‚Äù.,1740265031.0,SAEftw,neutral
